{
  "mode": "simple+",
  "centers": 48,
  "sigma": 0.37927347365367725,
  "ridge_lam": 0.01,
  "hyperparams": {
    "sigma_star": 0.37927347365367725,
    "lambda_star": 0.01,
    "val_best_err": 0.02040816326530612,
    "grid_evaluations": 15
  },
  "acc": 0.9410569105691057,
  "macro_precision": 0.867642087981071,
  "macro_recall": 0.9421074481074481,
  "macro_f1": 0.9033427632700698,
  "confusion": [
    [
      108,
      0,
      0,
      0,
      0,
      17
    ],
    [
      3,
      135,
      0,
      2,
      0,
      0
    ],
    [
      1,
      0,
      38,
      0,
      0,
      0
    ],
    [
      6,
      0,
      0,
      34,
      0,
      0
    ],
    [
      0,
      0,
      0,
      0,
      139,
      0
    ],
    [
      0,
      0,
      0,
      0,
      0,
      9
    ]
  ],
  "window_level": {
    "acc": 0.9410569105691057,
    "macroF1": 0.9033427632700698
  },
  "flight_level": {
    "acc": 0.9637681159420289,
    "macroF1": 0.9551459275670021,
    "confusion": [
      [
        28,
        0,
        0,
        0,
        0,
        2
      ],
      [
        0,
        29,
        0,
        1,
        0,
        0
      ],
      [
        1,
        0,
        20,
        0,
        0,
        0
      ],
      [
        1,
        0,
        0,
        19,
        0,
        0
      ],
      [
        0,
        0,
        0,
        0,
        30,
        0
      ],
      [
        0,
        0,
        0,
        0,
        0,
        7
      ]
    ]
  },
  "nominal_threshold": 1.481347746306894,
  "diagnostics": {
    "nominal_sigma": 0.0,
    "R_nom": 1.481347746306894,
    "train_nom_dist_mean": 1.481347746306894,
    "train_nom_dist_std": 0.760505507821263,
    "R_delay_min": 3.00235876194942,
    "flight_nominal_min_ratio": 0.7,
    "flight_fault_min_ratio": 0.15,
    "flight_delay_min_ratio": 0.3,
    "flight_recall_per_class": [
      0.9333333333333333,
      0.9666666666666667,
      0.9523809523809523,
      0.95,
      1.0,
      1.0
    ],
    "oversample_sensor_bias": 1.0
  },
  "nominal_sigma": 0.0,
  "preprocess": {
    "winsor_pct": 0.02,
    "log_energy": true,
    "use_pairwise": false,
    "dim_reduction": "lda",
    "channel_mode": "raw_z"
  }
}