{
  "mode": "simple+",
  "centers": 36,
  "sigma": 1.0585390923682738,
  "ridge_lam": 0.01,
  "hyperparams": {
    "sigma_star": 1.0585390923682738,
    "lambda_star": 0.01,
    "val_best_err": 0.09848484848484848,
    "grid_evaluations": 15
  },
  "acc": 0.9022900763358779,
  "macro_precision": 0.8268589523063553,
  "macro_recall": 0.8953820219158422,
  "macro_f1": 0.8597573180949781,
  "confusion": [
    [
      134,
      6,
      0,
      7,
      9,
      19
    ],
    [
      9,
      178,
      0,
      1,
      0,
      0
    ],
    [
      0,
      0,
      64,
      3,
      0,
      0
    ],
    [
      0,
      0,
      0,
      27,
      0,
      0
    ],
    [
      4,
      0,
      0,
      0,
      172,
      0
    ],
    [
      6,
      0,
      0,
      0,
      0,
      16
    ]
  ],
  "window_level": {
    "acc": 0.9022900763358779,
    "macroF1": 0.8597573180949781
  },
  "flight_level": {
    "acc": 0.9326923076923077,
    "macroF1": 0.9353590979975075,
    "confusion": [
      [
        19,
        0,
        0,
        0,
        1,
        0
      ],
      [
        1,
        19,
        0,
        0,
        0,
        0
      ],
      [
        0,
        0,
        18,
        0,
        0,
        0
      ],
      [
        0,
        0,
        0,
        13,
        0,
        0
      ],
      [
        0,
        0,
        0,
        0,
        20,
        0
      ],
      [
        5,
        0,
        0,
        0,
        0,
        8
      ]
    ]
  },
  "nominal_threshold": 1.0,
  "diagnostics": {
    "nominal_sigma": 1.5,
    "R_nom": 1.0,
    "train_nom_dist_mean": 1.8760997647022866,
    "train_nom_dist_std": 0.9637789163425161,
    "R_delay_min": 3.8036575973873186,
    "flight_nominal_min_ratio": 0.7,
    "flight_fault_min_ratio": 0.4,
    "flight_delay_min_ratio": 0.55,
    "flight_recall_per_class": [
      0.95,
      0.95,
      1.0,
      1.0,
      1.0,
      0.6153846153846154
    ],
    "oversample_sensor_bias": 2.0
  },
  "nominal_sigma": 1.5,
  "preprocess": {
    "winsor_pct": 0.02,
    "log_energy": true,
    "use_pairwise": true,
    "dim_reduction": "lda",
    "channel_mode": "phys6_eso"
  }
}