{
  "preset": "nasaspaceflight",
  "q_peak_ascent_Pa": 82590.51421497109,
  "t_at_q_peak_ascent_s": 30.5500000000003,
  "h_at_q_peak_ascent_m": 8819.681778598577,
  "v_at_q_peak_ascent_mps": 701.0004238420113,
  "n_max_ascent_g": 7.644366922499648,
  "t_at_n_max_ascent_s": 147.0499999999992,
  "h_at_n_max_ascent_m": 215994.19373383652,
  "v_at_n_max_ascent_mps": 4055.9650864719556,
  "events": {
    "S1_ign": {
      "t_s": 0.0,
      "h_m": 0.0,
      "v_mps": 350.83620783758334
    },
    "S1_sep": {
      "t_s": 83.04999999999742,
      "h_m": 70349.91885391902,
      "v_mps": 1626.2195494064745
    },
    "S2_ign": {
      "t_s": 85.04999999999731,
      "h_m": 73336.68590220902,
      "v_mps": 1626.2099095724107
    },
    "S2_sep": {
      "t_s": 141.04999999999782,
      "h_m": 197038.3511450123,
      "v_mps": 3658.6129130488125
    },
    "Fairing_jettison": {
      "t_s": 156.00000000000122,
      "h_m": 245476.9549308652,
      "v_mps": 4055.9510178574283
    },
    "S3_ign": {
      "t_s": 192.0000000000094,
      "h_m": 364737.909378523,
      "v_mps": 4055.8953650228204
    },
    "S3_sep": {
      "t_s": 284.0000000000303,
      "h_m": 696345.6592380777,
      "v_mps": 6096.693642506706
    },
    "S4_ign": {
      "t_s": 287.000000000031,
      "h_m": 707729.7460726323,
      "v_mps": 6096.683997394711
    },
    "S4_cutoff": {
      "t_s": 1052.049999999591,
      "h_m": 4408956.129322778,
      "v_mps": 7543.042641137713
    },
    "SC_sep": {
      "t_s": 1060.0499999995836,
      "h_m": 4455008.677483713,
      "v_mps": 7543.014169548756
    }
  },
  "final_state": {
    "t_s": 1199.9999999994563,
    "h_m": 5281615.754949288,
    "v_mps": 7541.376777268618
  }
}