{
  "preset": "nasaspaceflight",
  "q_peak_ascent_Pa": 54990.174275942685,
  "t_at_q_peak_ascent_s": 45.69999999999954,
  "h_at_q_peak_ascent_m": 10472.8344347924,
  "v_at_q_peak_ascent_mps": 737.6448194428565,
  "n_max_ascent_g": 8.04774023892747,
  "t_at_n_max_ascent_s": 247.05000000002192,
  "h_at_n_max_ascent_m": 240888.99777934141,
  "v_at_n_max_ascent_mps": 5368.58715105641,
  "events": {
    "S1_ign": {
      "t_s": 0.0,
      "h_m": 0.0,
      "v_mps": 350.83620783758334
    },
    "S1_sep": {
      "t_s": 82.99999999999743,
      "h_m": 35735.17118531745,
      "v_mps": 1026.1276337716622
    },
    "S2_ign": {
      "t_s": 84.99999999999731,
      "h_m": 36972.193911177106,
      "v_mps": 1014.1300668506466
    },
    "S2_sep": {
      "t_s": 161.00000000000236,
      "h_m": 122160.8781043794,
      "v_mps": 3047.1047671122474
    },
    "Fairing_jettison": {
      "t_s": 176.1000000000058,
      "h_m": 143379.2815519711,
      "v_mps": 2980.762919947407
    },
    "S3_ign": {
      "t_s": 192.10000000000943,
      "h_m": 163796.09522007592,
      "v_mps": 2915.922971463584
    },
    "S3_sep": {
      "t_s": 284.20000000003034,
      "h_m": 301524.40275535453,
      "v_mps": 5269.580042621799
    },
    "S4_ign": {
      "t_s": 287.200000000031,
      "h_m": 306110.03140300885,
      "v_mps": 5261.788864677162
    },
    "SC_sep": {
      "t_s": 1099.9999999995473,
      "h_m": 504601.6353403758,
      "v_mps": 7614.355753645068
    },
    "S4_cutoff": {
      "t_s": 1099.9999999995473,
      "h_m": 504601.6353403758,
      "v_mps": 7614.355753645068
    }
  },
  "final_state": {
    "t_s": 1100.0499999995473,
    "h_m": 504601.6353403758,
    "v_mps": 7614.355753645068,
    "orbit_a_km": 6876.223240594562,
    "orbit_e": 9.044983841511868e-05,
    "orbit_hp_km": 504.6012873135442,
    "orbit_ha_km": 505.8451938755801
  }
}