{
  "feature_mean": [
    2.0,
    110.94434356689453,
    65.99951171875,
    1.6713461875915527,
    0.09257698804140091,
    -0.0032690579537302256,
    280.37811279296875
  ],
  "feature_std": [
    1.4142144918441772,
    45.88608169555664,
    52.81345748901367,
    0.973639190196991,
    1.8434399366378784,
    0.04966524988412857,
    140.43930053710938
  ],
  "output_len": 40
}