{
  "feature_mean": [
    2.0,
    155.94432067871094,
    113.93446350097656,
    2.36769700050354,
    0.09257698804140091,
    -0.0032690579537302256,
    196.97816467285156
  ],
  "feature_std": [
    1.4142144918441772,
    50.51628112792969,
    67.12178039550781,
    0.9201871156692505,
    1.8434399366378784,
    0.04966524988412857,
    71.90460968017578
  ],
  "output_len": 40
}