{
  "preset": "nasaspaceflight",
  "dt": 0.01,
  "t_end": 4000.0,
  "q_peak_ascent_Pa": 58323.19365938252,
  "t_at_q_peak_ascent_s": 47.49999999999912,
  "n_max_ascent_g": 6.363248822316461,
  "t_at_n_max_ascent_s": 247.09999999992024,
  "events": {
    "S1_ign": {
      "t_s": 0.0,
      "h_m": 0.0,
      "v_mps": 350.83620783758334
    },
    "S1_sep": {
      "t_s": 83.00000000000556,
      "h_m": 32618.394481201656,
      "v_mps": 793.6030002147386
    },
    "S2_ign": {
      "t_s": 85.00000000000658,
      "h_m": 33689.8096486507,
      "v_mps": 780.0360190900656
    },
    "S2_sep": {
      "t_s": 160.99999999999855,
      "h_m": 102089.46592942066,
      "v_mps": 2626.4548345523904
    },
    "Fairing_jettison": {
      "t_s": 176.09999999998482,
      "h_m": 117897.24025711603,
      "v_mps": 2568.70414819621
    },
    "S3_ign": {
      "t_s": 192.09999999997027,
      "h_m": 132507.99821203668,
      "v_mps": 2514.405064424298
    },
    "S3_sep": {
      "t_s": 284.19999999988653,
      "h_m": 200482.84273756295,
      "v_mps": 4575.25969402349
    },
    "S4_ign": {
      "t_s": 287.1999999998838,
      "h_m": 202055.01573956106,
      "v_mps": 4572.0876274718685
    },
    "S4_cutoff": {
      "t_s": 3588.9300000319176,
      "h_m": 499785.97158804256,
      "v_mps": 7616.971926528853
    },
    "SC_sep": {
      "t_s": 3999.99000004089,
      "h_m": 503168.2771861395,
      "v_mps": 7613.223503821547
    }
  },
  "final_orbit": {
    "altitude_km": 503.1682771861395,
    "sma_km": 500.3137182169035,
    "apoapsis_km": 507.8975348155629,
    "periapsis_km": 492.7299016182432,
    "eccentricity": 0.0011036923810586543
  }
}